	label	label_color
HSPC_025	MPP	#eea113
HSPC_031	MPP	#eea113
HSPC_037	MPP	#eea113
LT-HSC_001	HSC	#40bdbd
HSPC_001	MPP	#eea113
HSPC_008	LMPP	#7c5246
HSPC_014	MPP	#eea113
HSPC_020	HSC	#40bdbd
HSPC_026	LMPP	#7c5246
HSPC_038	MPP	#eea113
LT-HSC_002	HSC	#40bdbd
HSPC_002	HSC	#40bdbd
HSPC_009	LMPP	#7c5246
HSPC_015	LMPP	#7c5246
HSPC_021	MPP	#eea113
HSPC_027	LMPP	#7c5246
HSPC_033	LMPP	#7c5246
LT-HSC_003	HSC	#40bdbd
HSPC_003	MPP	#eea113
HSPC_016	LMPP	#7c5246
HSPC_022	HSC	#40bdbd
HSPC_028	LMPP	#7c5246
HSPC_034	LMPP	#7c5246
HSPC_040	MPP	#eea113
LT-HSC_004	HSC	#40bdbd
HSPC_004	LMPP	#7c5246
HSPC_011	LMPP	#7c5246
HSPC_017	HSC	#40bdbd
HSPC_023	MPP	#eea113
HSPC_035	MPP	#eea113
HSPC_041	MPP	#eea113
HSPC_012	LMPP	#7c5246
HSPC_018	MPP	#eea113
HSPC_024	MPP	#eea113
HSPC_030	LMPP	#7c5246
HSPC_036	MPP	#eea113
HSPC_042	MPP	#eea113
LT-HSC_006	HSC	#40bdbd
HSPC_006	LMPP	#7c5246
Prog_007	GMP	#10b460
Prog_013	CMP	#d84f40
Prog_019	CMP	#d84f40
Prog_025	MEP	#286ee1
Prog_031	GMP	#10b460
Prog_037	CMP	#d84f40
Prog_001	GMP	#10b460
Prog_008	MEP	#286ee1
Prog_014	MEP	#286ee1
Prog_020	MEP	#286ee1
Prog_026	GMP	#10b460
Prog_032	MEP	#286ee1
Prog_038	MEP	#286ee1
Prog_002	MEP	#286ee1
Prog_009	MEP	#286ee1
Prog_015	CMP	#d84f40
Prog_021	MEP	#286ee1
Prog_027	CMP	#d84f40
Prog_033	MEP	#286ee1
Prog_039	MEP	#286ee1
LT-HSC_009	HSC	#40bdbd
Prog_003	MEP	#286ee1
Prog_010	CMP	#d84f40
Prog_016	MEP	#286ee1
Prog_022	MEP	#286ee1
Prog_028	MEP	#286ee1
Prog_040	CMP	#d84f40
LT-HSC_010	HSC	#40bdbd
Prog_004	MEP	#286ee1
Prog_011	MEP	#286ee1
Prog_017	GMP	#10b460
Prog_023	MEP	#286ee1
Prog_029	MEP	#286ee1
Prog_035	MEP	#286ee1
LT-HSC_012	HSC	#40bdbd
Prog_012	CMP	#d84f40
Prog_018	MEP	#286ee1
Prog_024	MEP	#286ee1
Prog_030	CMP	#d84f40
Prog_036	GMP	#10b460
Prog_042	MEP	#286ee1
Prog_006	MEP	#286ee1
HSPC_049	LMPP	#7c5246
HSPC_055	LMPP	#7c5246
HSPC_061	MPP	#eea113
HSPC_067	LMPP	#7c5246
HSPC_073	LMPP	#7c5246
HSPC_079	MPP	#eea113
LT-HSC_013	HSC	#40bdbd
HSPC_043	MPP	#eea113
HSPC_050	LMPP	#7c5246
HSPC_056	LMPP	#7c5246
HSPC_062	HSC	#40bdbd
HSPC_068	LMPP	#7c5246
HSPC_074	HSC	#40bdbd
HSPC_080	LMPP	#7c5246
LT-HSC_014	HSC	#40bdbd
HSPC_044	MPP	#eea113
HSPC_051	MPP	#eea113
HSPC_057	HSC	#40bdbd
HSPC_063	LMPP	#7c5246
HSPC_069	MPP	#eea113
HSPC_075	HSC	#40bdbd
HSPC_081	MPP	#eea113
LT-HSC_015	HSC	#40bdbd
HSPC_045	LMPP	#7c5246
HSPC_052	MPP	#eea113
HSPC_058	LMPP	#7c5246
HSPC_064	LMPP	#7c5246
HSPC_070	LMPP	#7c5246
HSPC_076	MPP	#eea113
HSPC_082	MPP	#eea113
LT-HSC_016	HSC	#40bdbd
HSPC_046	LMPP	#7c5246
HSPC_053	MPP	#eea113
HSPC_065	MPP	#eea113
HSPC_071	MPP	#eea113
HSPC_077	LMPP	#7c5246
HSPC_083	HSC	#40bdbd
LT-HSC_017	HSC	#40bdbd
HSPC_047	MPP	#eea113
HSPC_054	LMPP	#7c5246
HSPC_060	MPP	#eea113
HSPC_066	MPP	#eea113
HSPC_072	MPP	#eea113
HSPC_078	MPP	#eea113
HSPC_084	MPP	#eea113
LT-HSC_018	HSC	#40bdbd
HSPC_048	LMPP	#7c5246
Prog_049	MEP	#286ee1
Prog_055	CMP	#d84f40
Prog_061	MEP	#286ee1
Prog_067	MEP	#286ee1
Prog_073	CMP	#d84f40
Prog_079	MEP	#286ee1
Prog_043	MEP	#286ee1
Prog_050	GMP	#10b460
Prog_056	MEP	#286ee1
Prog_062	CMP	#d84f40
Prog_068	CMP	#d84f40
Prog_074	MEP	#286ee1
Prog_080	GMP	#10b460
LT-HSC_020	HSC	#40bdbd
Prog_044	CMP	#d84f40
Prog_051	MEP	#286ee1
Prog_057	GMP	#10b460
Prog_063	GMP	#10b460
Prog_069	CMP	#d84f40
Prog_075	GMP	#10b460
Prog_081	MEP	#286ee1
LT-HSC_021	HSC	#40bdbd
Prog_045	MEP	#286ee1
Prog_052	CMP	#d84f40
Prog_058	MEP	#286ee1
Prog_064	MEP	#286ee1
Prog_070	CMP	#d84f40
Prog_076	MEP	#286ee1
Prog_082	MEP	#286ee1
LT-HSC_022	HSC	#40bdbd
Prog_046	MEP	#286ee1
Prog_053	MEP	#286ee1
Prog_059	MEP	#286ee1
Prog_065	GMP	#10b460
Prog_071	CMP	#d84f40
Prog_077	GMP	#10b460
Prog_083	CMP	#d84f40
LT-HSC_023	HSC	#40bdbd
Prog_047	GMP	#10b460
LT-HSC_024	HSC	#40bdbd
Prog_060	MEP	#286ee1
Prog_066	CMP	#d84f40
Prog_072	MEP	#286ee1
Prog_078	MEP	#286ee1
Prog_084	CMP	#d84f40
Prog_048	GMP	#10b460
HSPC_103	LMPP	#7c5246
HSPC_109	MPP	#eea113
HSPC_115	LMPP	#7c5246
HSPC_121	MPP	#eea113
HSPC_085	MPP	#eea113
HSPC_098	LMPP	#7c5246
HSPC_104	MPP	#eea113
HSPC_110	MPP	#eea113
HSPC_122	LMPP	#7c5246
LT-HSC_026	HSC	#40bdbd
HSPC_099	MPP	#eea113
HSPC_105	LMPP	#7c5246
HSPC_111	HSC	#40bdbd
HSPC_117	MPP	#eea113
HSPC_123	MPP	#eea113
HSPC_087	HSC	#40bdbd
HSPC_094	LMPP	#7c5246
HSPC_100	LMPP	#7c5246
HSPC_106	MPP	#eea113
HSPC_118	MPP	#eea113
LT-HSC_028	HSC	#40bdbd
HSPC_088	MPP	#eea113
HSPC_095	MPP	#eea113
HSPC_101	LMPP	#7c5246
HSPC_107	LMPP	#7c5246
HSPC_119	HSC	#40bdbd
HSPC_125	LMPP	#7c5246
HSPC_089	MPP	#eea113
HSPC_096	LMPP	#7c5246
HSPC_102	MPP	#eea113
HSPC_108	MPP	#eea113
HSPC_114	LMPP	#7c5246
HSPC_120	HSC	#40bdbd
HSPC_126	MPP	#eea113
HSPC_090	MPP	#eea113
Prog_091	MEP	#286ee1
Prog_097	GMP	#10b460
Prog_103	CMP	#d84f40
Prog_109	GMP	#10b460
Prog_115	MEP	#286ee1
LT-HSC_031	HSC	#40bdbd
Prog_085	MEP	#286ee1
Prog_092	CMP	#d84f40
Prog_098	MEP	#286ee1
Prog_110	MEP	#286ee1
Prog_116	CMP	#d84f40
Prog_122	MEP	#286ee1
LT-HSC_032	HSC	#40bdbd
Prog_093	CMP	#d84f40
Prog_099	MEP	#286ee1
Prog_105	GMP	#10b460
Prog_111	MEP	#286ee1
Prog_117	CMP	#d84f40
Prog_123	GMP	#10b460
LT-HSC_033	HSC	#40bdbd
Prog_087	GMP	#10b460
Prog_094	MEP	#286ee1
Prog_100	MEP	#286ee1
Prog_106	CMP	#d84f40
Prog_112	MEP	#286ee1
Prog_118	CMP	#d84f40
Prog_124	CMP	#d84f40
LT-HSC_034	HSC	#40bdbd
Prog_088	CMP	#d84f40
Prog_095	MEP	#286ee1
Prog_101	CMP	#d84f40
Prog_107	MEP	#286ee1
Prog_113	CMP	#d84f40
Prog_119	MEP	#286ee1
Prog_125	MEP	#286ee1
Prog_089	MEP	#286ee1
LT-HSC_036	HSC	#40bdbd
Prog_096	CMP	#d84f40
Prog_102	MEP	#286ee1
Prog_108	CMP	#d84f40
Prog_114	CMP	#d84f40
Prog_120	MEP	#286ee1
Prog_126	CMP	#d84f40
Prog_090	MEP	#286ee1
HSPC_133	MPP	#eea113
HSPC_139	MPP	#eea113
HSPC_151	LMPP	#7c5246
HSPC_157	MPP	#eea113
HSPC_127	MPP	#eea113
HSPC_134	LMPP	#7c5246
HSPC_140	MPP	#eea113
HSPC_146	MPP	#eea113
HSPC_152	MPP	#eea113
HSPC_158	LMPP	#7c5246
HSPC_164	MPP	#eea113
HSPC_135	MPP	#eea113
HSPC_141	MPP	#eea113
HSPC_153	LMPP	#7c5246
HSPC_159	MPP	#eea113
HSPC_165	MPP	#eea113
LT-HSC_039	HSC	#40bdbd
HSPC_136	MPP	#eea113
HSPC_142	LMPP	#7c5246
HSPC_148	MPP	#eea113
HSPC_154	LMPP	#7c5246
HSPC_166	LMPP	#7c5246
LT-HSC_040	HSC	#40bdbd
HSPC_130	MPP	#eea113
HSPC_143	HSC	#40bdbd
HSPC_149	MPP	#eea113
HSPC_155	MPP	#eea113
HSPC_161	MPP	#eea113
LT-HSC_041	HSC	#40bdbd
HSPC_131	MPP	#eea113
HSPC_138	HSC	#40bdbd
HSPC_144	MPP	#eea113
HSPC_156	MPP	#eea113
HSPC_162	LMPP	#7c5246
HSPC_168	MPP	#eea113
HSPC_132	LMPP	#7c5246
Prog_133	GMP	#10b460
Prog_139	MEP	#286ee1
Prog_145	CMP	#d84f40
Prog_151	CMP	#d84f40
Prog_157	CMP	#d84f40
Prog_163	MEP	#286ee1
LT-HSC_043	HSC	#40bdbd
Prog_127	CMP	#d84f40
Prog_134	MEP	#286ee1
Prog_140	MEP	#286ee1
Prog_146	GMP	#10b460
Prog_152	CMP	#d84f40
Prog_158	MEP	#286ee1
LT-HSC_044	HSC	#40bdbd
Prog_128	GMP	#10b460
Prog_135	CMP	#d84f40
Prog_141	GMP	#10b460
Prog_153	MEP	#286ee1
Prog_159	MEP	#286ee1
Prog_165	CMP	#d84f40
LT-HSC_045	HSC	#40bdbd
Prog_129	GMP	#10b460
Prog_136	CMP	#d84f40
Prog_142	CMP	#d84f40
Prog_154	CMP	#d84f40
Prog_160	CMP	#d84f40
Prog_166	MEP	#286ee1
LT-HSC_046	HSC	#40bdbd
Prog_130	GMP	#10b460
Prog_137	GMP	#10b460
Prog_143	CMP	#d84f40
Prog_149	CMP	#d84f40
Prog_155	CMP	#d84f40
Prog_161	CMP	#d84f40
Prog_167	CMP	#d84f40
Prog_131	CMP	#d84f40
Prog_138	CMP	#d84f40
Prog_144	CMP	#d84f40
Prog_156	CMP	#d84f40
Prog_162	GMP	#10b460
Prog_168	MEP	#286ee1
Prog_132	CMP	#d84f40
HSPC_175	LMPP	#7c5246
HSPC_181	MPP	#eea113
HSPC_187	MPP	#eea113
HSPC_193	MPP	#eea113
HSPC_199	MPP	#eea113
HSPC_205	LMPP	#7c5246
LT-HSC_049	HSC	#40bdbd
HSPC_169	LMPP	#7c5246
HSPC_176	LMPP	#7c5246
HSPC_182	HSC	#40bdbd
HSPC_200	LMPP	#7c5246
HSPC_206	MPP	#eea113
LT-HSC_050	HSC	#40bdbd
HSPC_170	LMPP	#7c5246
HSPC_177	LMPP	#7c5246
HSPC_183	MPP	#eea113
HSPC_189	LMPP	#7c5246
HSPC_195	LMPP	#7c5246
HSPC_207	MPP	#eea113
LT-HSC_051	HSC	#40bdbd
HSPC_171	HSC	#40bdbd
HSPC_178	MPP	#eea113
HSPC_190	MPP	#eea113
HSPC_196	MPP	#eea113
HSPC_202	HSC	#40bdbd
HSPC_208	LMPP	#7c5246
LT-HSC_052	HSC	#40bdbd
HSPC_172	MPP	#eea113
HSPC_179	LMPP	#7c5246
HSPC_185	MPP	#eea113
HSPC_191	HSC	#40bdbd
HSPC_203	MPP	#eea113
HSPC_173	LMPP	#7c5246
HSPC_180	MPP	#eea113
HSPC_186	HSC	#40bdbd
HSPC_192	LMPP	#7c5246
HSPC_198	MPP	#eea113
HSPC_204	MPP	#eea113
HSPC_210	HSC	#40bdbd
LT-HSC_054	HSC	#40bdbd
HSPC_174	LMPP	#7c5246
Prog_187	GMP	#10b460
Prog_193	CMP	#d84f40
Prog_199	CMP	#d84f40
Prog_205	GMP	#10b460
LT-HSC_055	HSC	#40bdbd
Prog_176	GMP	#10b460
Prog_182	GMP	#10b460
Prog_188	MEP	#286ee1
Prog_194	MEP	#286ee1
Prog_200	MEP	#286ee1
Prog_206	CMP	#d84f40
LT-HSC_056	HSC	#40bdbd
Prog_170	MEP	#286ee1
Prog_177	GMP	#10b460
Prog_183	GMP	#10b460
Prog_189	CMP	#d84f40
Prog_195	CMP	#d84f40
Prog_201	CMP	#d84f40
Prog_207	MEP	#286ee1
LT-HSC_057	HSC	#40bdbd
Prog_171	CMP	#d84f40
Prog_178	MEP	#286ee1
Prog_184	GMP	#10b460
Prog_190	CMP	#d84f40
Prog_196	MEP	#286ee1
Prog_208	MEP	#286ee1
LT-HSC_058	HSC	#40bdbd
Prog_172	MEP	#286ee1
Prog_179	GMP	#10b460
Prog_185	MEP	#286ee1
Prog_191	CMP	#d84f40
Prog_197	CMP	#d84f40
Prog_203	GMP	#10b460
Prog_209	MEP	#286ee1
Prog_173	GMP	#10b460
LT-HSC_060	HSC	#40bdbd
Prog_180	GMP	#10b460
Prog_186	GMP	#10b460
Prog_204	CMP	#d84f40
Prog_210	CMP	#d84f40
HSPC_223	HSC	#40bdbd
HSPC_229	HSC	#40bdbd
HSPC_235	LMPP	#7c5246
HSPC_247	MPP	#eea113
HSPC_211	MPP	#eea113
HSPC_218	MPP	#eea113
HSPC_224	MPP	#eea113
HSPC_230	MPP	#eea113
HSPC_236	MPP	#eea113
HSPC_248	LMPP	#7c5246
LT-HSC_062	HSC	#40bdbd
HSPC_212	MPP	#eea113
HSPC_219	MPP	#eea113
HSPC_225	MPP	#eea113
HSPC_231	LMPP	#7c5246
HSPC_237	LMPP	#7c5246
HSPC_243	LMPP	#7c5246
HSPC_249	MPP	#eea113
LT-HSC_063	HSC	#40bdbd
HSPC_213	LMPP	#7c5246
HSPC_220	MPP	#eea113
HSPC_232	HSC	#40bdbd
HSPC_244	MPP	#eea113
HSPC_250	MPP	#eea113
LT-HSC_064	HSC	#40bdbd
HSPC_214	LMPP	#7c5246
HSPC_221	HSC	#40bdbd
HSPC_227	LMPP	#7c5246
HSPC_233	MPP	#eea113
HSPC_239	LMPP	#7c5246
HSPC_245	MPP	#eea113
HSPC_251	HSC	#40bdbd
LT-HSC_065	HSC	#40bdbd
HSPC_215	MPP	#eea113
HSPC_222	LMPP	#7c5246
HSPC_228	MPP	#eea113
HSPC_240	MPP	#eea113
HSPC_246	LMPP	#7c5246
LT-HSC_066	HSC	#40bdbd
HSPC_216	MPP	#eea113
Prog_217	MEP	#286ee1
Prog_223	CMP	#d84f40
Prog_229	MEP	#286ee1
Prog_235	CMP	#d84f40
Prog_241	MEP	#286ee1
Prog_247	MEP	#286ee1
Prog_211	MEP	#286ee1
Prog_218	MEP	#286ee1
Prog_224	GMP	#10b460
Prog_230	CMP	#d84f40
Prog_236	CMP	#d84f40
Prog_242	MEP	#286ee1
Prog_248	GMP	#10b460
LT-HSC_068	HSC	#40bdbd
Prog_212	MEP	#286ee1
Prog_225	CMP	#d84f40
Prog_231	CMP	#d84f40
Prog_237	CMP	#d84f40
Prog_243	CMP	#d84f40
Prog_249	MEP	#286ee1
LT-HSC_069	HSC	#40bdbd
Prog_213	MEP	#286ee1
Prog_226	CMP	#d84f40
Prog_232	CMP	#d84f40
Prog_238	CMP	#d84f40
Prog_244	CMP	#d84f40
Prog_250	MEP	#286ee1
LT-HSC_070	HSC	#40bdbd
Prog_214	CMP	#d84f40
Prog_221	MEP	#286ee1
Prog_227	CMP	#d84f40
Prog_233	MEP	#286ee1
Prog_239	MEP	#286ee1
Prog_245	GMP	#10b460
LT-HSC_071	HSC	#40bdbd
Prog_215	MEP	#286ee1
LT-HSC_072	HSC	#40bdbd
Prog_222	CMP	#d84f40
Prog_228	GMP	#10b460
Prog_234	CMP	#d84f40
Prog_240	MEP	#286ee1
Prog_246	CMP	#d84f40
Prog_252	GMP	#10b460
Prog_216	MEP	#286ee1
HSPC_265	HSC	#40bdbd
HSPC_271	LMPP	#7c5246
HSPC_283	MPP	#eea113
HSPC_289	LMPP	#7c5246
LT-HSC_073	HSC	#40bdbd
HSPC_253	MPP	#eea113
HSPC_266	MPP	#eea113
HSPC_278	MPP	#eea113
HSPC_290	LMPP	#7c5246
LT-HSC_074	HSC	#40bdbd
HSPC_254	MPP	#eea113
HSPC_261	LMPP	#7c5246
HSPC_267	MPP	#eea113
HSPC_279	HSC	#40bdbd
HSPC_285	LMPP	#7c5246
HSPC_291	LMPP	#7c5246
LT-HSC_075	HSC	#40bdbd
HSPC_255	MPP	#eea113
HSPC_268	MPP	#eea113
HSPC_274	LMPP	#7c5246
HSPC_280	LMPP	#7c5246
HSPC_286	LMPP	#7c5246
HSPC_292	MPP	#eea113
LT-HSC_076	HSC	#40bdbd
HSPC_256	HSC	#40bdbd
HSPC_263	LMPP	#7c5246
HSPC_269	LMPP	#7c5246
HSPC_275	MPP	#eea113
HSPC_281	MPP	#eea113
HSPC_287	MPP	#eea113
HSPC_293	MPP	#eea113
LT-HSC_077	HSC	#40bdbd
HSPC_257	MPP	#eea113
HSPC_264	HSC	#40bdbd
HSPC_270	LMPP	#7c5246
HSPC_276	LMPP	#7c5246
HSPC_282	MPP	#eea113
HSPC_288	LMPP	#7c5246
HSPC_294	LMPP	#7c5246
LT-HSC_078	HSC	#40bdbd
HSPC_258	MPP	#eea113
Prog_259	CMP	#d84f40
Prog_265	MEP	#286ee1
Prog_271	CMP	#d84f40
Prog_277	MEP	#286ee1
Prog_283	CMP	#d84f40
Prog_289	CMP	#d84f40
Prog_253	MEP	#286ee1
Prog_260	CMP	#d84f40
Prog_266	CMP	#d84f40
Prog_272	MEP	#286ee1
Prog_278	MEP	#286ee1
Prog_284	MEP	#286ee1
Prog_290	MEP	#286ee1
LT-HSC_080	HSC	#40bdbd
Prog_254	MEP	#286ee1
Prog_261	MEP	#286ee1
Prog_267	CMP	#d84f40
Prog_273	GMP	#10b460
Prog_279	MEP	#286ee1
Prog_285	MEP	#286ee1
Prog_291	MEP	#286ee1
LT-HSC_081	HSC	#40bdbd
Prog_255	CMP	#d84f40
Prog_262	CMP	#d84f40
Prog_268	GMP	#10b460
Prog_274	MEP	#286ee1
Prog_280	CMP	#d84f40
Prog_286	MEP	#286ee1
Prog_292	CMP	#d84f40
LT-HSC_082	HSC	#40bdbd
Prog_256	CMP	#d84f40
Prog_263	CMP	#d84f40
Prog_269	MEP	#286ee1
Prog_275	MEP	#286ee1
Prog_281	MEP	#286ee1
Prog_287	CMP	#d84f40
Prog_293	CMP	#d84f40
Prog_264	GMP	#10b460
Prog_270	CMP	#d84f40
Prog_276	MEP	#286ee1
Prog_282	MEP	#286ee1
Prog_288	MEP	#286ee1
Prog_294	CMP	#d84f40
Prog_258	GMP	#10b460
HSPC_301	MPP	#eea113
HSPC_307	LMPP	#7c5246
HSPC_313	MPP	#eea113
HSPC_325	LMPP	#7c5246
HSPC_331	MPP	#eea113
LT-HSC_085	HSC	#40bdbd
HSPC_295	LMPP	#7c5246
HSPC_302	LMPP	#7c5246
HSPC_308	MPP	#eea113
HSPC_314	MPP	#eea113
HSPC_320	LMPP	#7c5246
HSPC_326	MPP	#eea113
HSPC_332	MPP	#eea113
LT-HSC_086	HSC	#40bdbd
HSPC_296	MPP	#eea113
HSPC_303	LMPP	#7c5246
HSPC_309	LMPP	#7c5246
HSPC_315	MPP	#eea113
HSPC_321	MPP	#eea113
HSPC_327	LMPP	#7c5246
HSPC_333	LMPP	#7c5246
HSPC_297	MPP	#eea113
HSPC_304	HSC	#40bdbd
HSPC_310	MPP	#eea113
HSPC_322	HSC	#40bdbd
HSPC_328	MPP	#eea113
HSPC_334	LMPP	#7c5246
LT-HSC_088	HSC	#40bdbd
HSPC_298	MPP	#eea113
HSPC_305	MPP	#eea113
HSPC_317	MPP	#eea113
HSPC_323	MPP	#eea113
HSPC_329	LMPP	#7c5246
HSPC_335	MPP	#eea113
LT-HSC_089	HSC	#40bdbd
HSPC_299	LMPP	#7c5246
HSPC_306	MPP	#eea113
HSPC_312	MPP	#eea113
HSPC_318	LMPP	#7c5246
HSPC_324	MPP	#eea113
HSPC_330	LMPP	#7c5246
HSPC_336	HSC	#40bdbd
LT-HSC_090	HSC	#40bdbd
HSPC_300	MPP	#eea113
Prog_301	MEP	#286ee1
Prog_307	GMP	#10b460
Prog_313	GMP	#10b460
Prog_319	CMP	#d84f40
Prog_325	GMP	#10b460
Prog_331	CMP	#d84f40
LT-HSC_091	HSC	#40bdbd
Prog_295	CMP	#d84f40
Prog_308	CMP	#d84f40
Prog_314	MEP	#286ee1
Prog_320	CMP	#d84f40
Prog_326	MEP	#286ee1
Prog_332	CMP	#d84f40
Prog_296	CMP	#d84f40
Prog_303	CMP	#d84f40
Prog_309	CMP	#d84f40
Prog_315	MEP	#286ee1
Prog_321	MEP	#286ee1
Prog_327	GMP	#10b460
Prog_333	MEP	#286ee1
LT-HSC_093	HSC	#40bdbd
Prog_297	GMP	#10b460
Prog_304	GMP	#10b460
Prog_310	GMP	#10b460
Prog_316	MEP	#286ee1
Prog_322	MEP	#286ee1
Prog_328	MEP	#286ee1
Prog_334	MEP	#286ee1
LT-HSC_094	HSC	#40bdbd
Prog_298	MEP	#286ee1
Prog_305	CMP	#d84f40
Prog_311	GMP	#10b460
Prog_323	MEP	#286ee1
Prog_329	MEP	#286ee1
Prog_335	GMP	#10b460
LT-HSC_095	HSC	#40bdbd
Prog_299	MEP	#286ee1
LT-HSC_096	HSC	#40bdbd
Prog_306	MEP	#286ee1
Prog_312	GMP	#10b460
Prog_318	MEP	#286ee1
Prog_324	CMP	#d84f40
Prog_330	CMP	#d84f40
Prog_336	CMP	#d84f40
Prog_300	CMP	#d84f40
HSPC_343	LMPP	#7c5246
HSPC_349	MPP	#eea113
HSPC_361	MPP	#eea113
HSPC_367	HSC	#40bdbd
HSPC_373	HSC	#40bdbd
HSPC_337	HSC	#40bdbd
HSPC_344	HSC	#40bdbd
HSPC_350	MPP	#eea113
HSPC_356	MPP	#eea113
HSPC_362	HSC	#40bdbd
HSPC_368	GMP	#10b460
HSPC_374	HSC	#40bdbd
LT-HSC_098	HSC	#40bdbd
HSPC_338	HSC	#40bdbd
HSPC_345	LMPP	#7c5246
HSPC_351	MPP	#eea113
HSPC_363	HSC	#40bdbd
HSPC_339	MPP	#eea113
HSPC_346	MPP	#eea113
HSPC_352	LMPP	#7c5246
HSPC_358	LMPP	#7c5246
HSPC_370	MPP	#eea113
HSPC_376	MPP	#eea113
LT-HSC_100	HSC	#40bdbd
HSPC_353	LMPP	#7c5246
HSPC_359	HSC	#40bdbd
HSPC_365	HSC	#40bdbd
HSPC_371	MPP	#eea113
HSPC_377	MPP	#eea113
LT-HSC_101	HSC	#40bdbd
HSPC_341	LMPP	#7c5246
HSPC_348	MPP	#eea113
HSPC_354	LMPP	#7c5246
HSPC_360	HSC	#40bdbd
HSPC_372	MPP	#eea113
LT-HSC_102	HSC	#40bdbd
HSPC_342	MPP	#eea113
Prog_343	MEP	#286ee1
Prog_349	MEP	#286ee1
Prog_355	CMP	#d84f40
Prog_361	MEP	#286ee1
Prog_367	GMP	#10b460
Prog_373	MEP	#286ee1
LT-HSC_103	HSC	#40bdbd
Prog_337	MEP	#286ee1
Prog_350	MEP	#286ee1
Prog_356	MEP	#286ee1
Prog_362	MEP	#286ee1
Prog_368	MEP	#286ee1
Prog_374	MEP	#286ee1
Prog_338	CMP	#d84f40
Prog_345	MEP	#286ee1
Prog_351	MEP	#286ee1
Prog_357	MEP	#286ee1
Prog_363	MEP	#286ee1
Prog_369	MEP	#286ee1
Prog_375	MEP	#286ee1
LT-HSC_105	HSC	#40bdbd
Prog_339	MEP	#286ee1
Prog_346	MEP	#286ee1
Prog_352	MEP	#286ee1
Prog_358	MEP	#286ee1
Prog_364	MEP	#286ee1
Prog_370	MEP	#286ee1
Prog_376	MEP	#286ee1
LT-HSC_106	HSC	#40bdbd
Prog_340	MEP	#286ee1
Prog_353	CMP	#d84f40
Prog_359	MEP	#286ee1
Prog_371	GMP	#10b460
Prog_377	MEP	#286ee1
LT-HSC_107	HSC	#40bdbd
Prog_341	CMP	#d84f40
Prog_348	CMP	#d84f40
Prog_354	CMP	#d84f40
Prog_360	MEP	#286ee1
Prog_366	MEP	#286ee1
Prog_372	CMP	#d84f40
Prog_378	CMP	#d84f40
Prog_342	MEP	#286ee1
HSPC_391	LMPP	#7c5246
HSPC_403	MPP	#eea113
HSPC_409	LMPP	#7c5246
HSPC_415	HSC	#40bdbd
HSPC_421	MPP	#eea113
HSPC_386	HSC	#40bdbd
HSPC_392	LMPP	#7c5246
HSPC_398	LMPP	#7c5246
HSPC_404	HSC	#40bdbd
HSPC_410	MPP	#eea113
HSPC_416	LMPP	#7c5246
HSPC_422	MPP	#eea113
HSPC_380	MPP	#eea113
HSPC_387	MPP	#eea113
HSPC_393	MPP	#eea113
HSPC_399	HSC	#40bdbd
HSPC_405	LMPP	#7c5246
HSPC_411	MPP	#eea113
HSPC_417	MPP	#eea113
HSPC_423	HSC	#40bdbd
HSPC_388	LMPP	#7c5246
HSPC_400	LMPP	#7c5246
HSPC_406	HSC	#40bdbd
HSPC_412	LMPP	#7c5246
HSPC_418	MPP	#eea113
HSPC_424	MPP	#eea113
HSPC_382	MPP	#eea113
HSPC_389	HSC	#40bdbd
HSPC_395	HSC	#40bdbd
HSPC_407	LMPP	#7c5246
HSPC_413	MPP	#eea113
HSPC_419	MPP	#eea113
HSPC_425	MPP	#eea113
HSPC_383	MPP	#eea113
HSPC_390	HSC	#40bdbd
HSPC_396	HSC	#40bdbd
HSPC_402	MPP	#eea113
HSPC_408	HSC	#40bdbd
HSPC_420	MPP	#eea113
HSPC_426	LMPP	#7c5246
Prog_385	MEP	#286ee1
Prog_397	MEP	#286ee1
Prog_403	MEP	#286ee1
Prog_409	MEP	#286ee1
Prog_415	MEP	#286ee1
Prog_421	MEP	#286ee1
Prog_379	MEP	#286ee1
Prog_386	MEP	#286ee1
Prog_392	MEP	#286ee1
Prog_398	MEP	#286ee1
Prog_404	MEP	#286ee1
Prog_410	MEP	#286ee1
Prog_416	MEP	#286ee1
Prog_422	MEP	#286ee1
Prog_380	MEP	#286ee1
Prog_387	CMP	#d84f40
Prog_393	MEP	#286ee1
Prog_399	CMP	#d84f40
Prog_405	MEP	#286ee1
Prog_411	MEP	#286ee1
Prog_417	MEP	#286ee1
Prog_423	CMP	#d84f40
Prog_381	MEP	#286ee1
Prog_388	MEP	#286ee1
Prog_394	MEP	#286ee1
Prog_406	CMP	#d84f40
Prog_412	CMP	#d84f40
Prog_418	MEP	#286ee1
Prog_424	MEP	#286ee1
Prog_382	CMP	#d84f40
Prog_389	MEP	#286ee1
Prog_395	MEP	#286ee1
Prog_401	MEP	#286ee1
Prog_407	MEP	#286ee1
Prog_413	CMP	#d84f40
Prog_419	CMP	#d84f40
Prog_425	MEP	#286ee1
Prog_383	MEP	#286ee1
Prog_426	CMP	#d84f40
Prog_390	MEP	#286ee1
Prog_396	CMP	#d84f40
Prog_402	GMP	#10b460
Prog_408	GMP	#10b460
Prog_414	CMP	#d84f40
Prog_420	GMP	#10b460
Prog_384	MEP	#286ee1
HSPC_451	LMPP	#7c5246
HSPC_457	LMPP	#7c5246
HSPC_463	LMPP	#7c5246
LT-HSC_109	HSC	#40bdbd
HSPC_427	MPP	#eea113
HSPC_440	MPP	#eea113
HSPC_446	MPP	#eea113
LT-HSC_110	HSC	#40bdbd
HSPC_435	LMPP	#7c5246
HSPC_441	MPP	#eea113
HSPC_447	MPP	#eea113
HSPC_453	LMPP	#7c5246
HSPC_459	LMPP	#7c5246
HSPC_465	MPP	#eea113
LT-HSC_111	HSC	#40bdbd
HSPC_436	LMPP	#7c5246
HSPC_442	LMPP	#7c5246
HSPC_448	MPP	#eea113
HSPC_454	MPP	#eea113
HSPC_460	HSC	#40bdbd
HSPC_466	LMPP	#7c5246
LT-HSC_112	HSC	#40bdbd
HSPC_443	MPP	#eea113
HSPC_449	MPP	#eea113
HSPC_455	MPP	#eea113
HSPC_461	MPP	#eea113
HSPC_467	LMPP	#7c5246
LT-HSC_113	HSC	#40bdbd
HSPC_431	MPP	#eea113
HSPC_444	LMPP	#7c5246
HSPC_450	LMPP	#7c5246
HSPC_456	LMPP	#7c5246
HSPC_462	HSC	#40bdbd
HSPC_468	LMPP	#7c5246
LT-HSC_114	HSC	#40bdbd
HSPC_432	MPP	#eea113
Prog_433	MEP	#286ee1
Prog_439	MEP	#286ee1
Prog_445	CMP	#d84f40
Prog_451	GMP	#10b460
Prog_457	MEP	#286ee1
Prog_463	MEP	#286ee1
LT-HSC_115	HSC	#40bdbd
Prog_427	GMP	#10b460
Prog_434	MEP	#286ee1
Prog_440	MEP	#286ee1
Prog_446	CMP	#d84f40
Prog_458	CMP	#d84f40
Prog_464	CMP	#d84f40
LT-HSC_116	HSC	#40bdbd
Prog_428	CMP	#d84f40
Prog_435	MEP	#286ee1
Prog_441	GMP	#10b460
Prog_447	MEP	#286ee1
Prog_453	MEP	#286ee1
Prog_459	CMP	#d84f40
Prog_465	CMP	#d84f40
LT-HSC_117	HSC	#40bdbd
Prog_429	MEP	#286ee1
Prog_436	CMP	#d84f40
Prog_448	CMP	#d84f40
Prog_454	CMP	#d84f40
Prog_460	CMP	#d84f40
Prog_466	MEP	#286ee1
Prog_430	MEP	#286ee1
Prog_437	GMP	#10b460
Prog_443	CMP	#d84f40
Prog_449	CMP	#d84f40
Prog_455	MEP	#286ee1
Prog_461	MEP	#286ee1
Prog_467	CMP	#d84f40
Prog_431	CMP	#d84f40
LT-HSC_120	HSC	#40bdbd
Prog_438	MEP	#286ee1
Prog_444	CMP	#d84f40
Prog_450	GMP	#10b460
Prog_456	MEP	#286ee1
Prog_462	MEP	#286ee1
Prog_468	CMP	#d84f40
Prog_432	MEP	#286ee1
HSPC_475	HSC	#40bdbd
HSPC_493	MPP	#eea113
HSPC_499	MPP	#eea113
HSPC_505	MPP	#eea113
HSPC_482	GMP	#10b460
HSPC_488	MPP	#eea113
HSPC_494	LMPP	#7c5246
HSPC_500	HSC	#40bdbd
HSPC_506	LMPP	#7c5246
LT-HSC_122	HSC	#40bdbd
HSPC_470	MPP	#eea113
HSPC_477	LMPP	#7c5246
HSPC_483	MPP	#eea113
HSPC_489	MPP	#eea113
HSPC_495	MPP	#eea113
HSPC_501	LMPP	#7c5246
HSPC_507	LMPP	#7c5246
LT-HSC_123	HSC	#40bdbd
HSPC_471	LMPP	#7c5246
HSPC_478	HSC	#40bdbd
HSPC_490	MPP	#eea113
HSPC_496	HSC	#40bdbd
HSPC_502	HSC	#40bdbd
HSPC_508	MPP	#eea113
LT-HSC_124	HSC	#40bdbd
HSPC_472	MPP	#eea113
HSPC_479	MPP	#eea113
HSPC_485	LMPP	#7c5246
HSPC_491	MPP	#eea113
HSPC_497	MPP	#eea113
HSPC_503	MPP	#eea113
HSPC_509	HSC	#40bdbd
LT-HSC_125	HSC	#40bdbd
HSPC_473	MPP	#eea113
HSPC_480	MPP	#eea113
HSPC_486	MPP	#eea113
HSPC_492	LMPP	#7c5246
HSPC_498	LMPP	#7c5246
HSPC_504	LMPP	#7c5246
HSPC_510	LMPP	#7c5246
LT-HSC_126	HSC	#40bdbd
HSPC_474	LMPP	#7c5246
Prog_475	CMP	#d84f40
Prog_481	CMP	#d84f40
Prog_487	GMP	#10b460
Prog_493	CMP	#d84f40
Prog_499	CMP	#d84f40
Prog_505	CMP	#d84f40
Prog_469	MEP	#286ee1
Prog_476	CMP	#d84f40
Prog_482	MEP	#286ee1
Prog_488	CMP	#d84f40
Prog_494	CMP	#d84f40
Prog_500	CMP	#d84f40
Prog_506	CMP	#d84f40
LT-HSC_128	HSC	#40bdbd
Prog_470	GMP	#10b460
Prog_477	MEP	#286ee1
Prog_483	MEP	#286ee1
Prog_489	GMP	#10b460
Prog_495	CMP	#d84f40
Prog_501	CMP	#d84f40
Prog_507	MEP	#286ee1
Prog_471	CMP	#d84f40
Prog_478	MEP	#286ee1
Prog_484	CMP	#d84f40
Prog_490	GMP	#10b460
Prog_496	CMP	#d84f40
Prog_502	MEP	#286ee1
Prog_508	MEP	#286ee1
LT-HSC_130	HSC	#40bdbd
Prog_472	MEP	#286ee1
Prog_479	MEP	#286ee1
Prog_485	GMP	#10b460
Prog_491	GMP	#10b460
Prog_497	MEP	#286ee1
Prog_503	GMP	#10b460
Prog_509	MEP	#286ee1
LT-HSC_131	HSC	#40bdbd
Prog_473	MEP	#286ee1
LT-HSC_132	HSC	#40bdbd
Prog_480	GMP	#10b460
Prog_486	MEP	#286ee1
Prog_498	CMP	#d84f40
Prog_504	CMP	#d84f40
Prog_510	MEP	#286ee1
Prog_474	CMP	#d84f40
HSPC_523	MPP	#eea113
HSPC_535	MPP	#eea113
HSPC_541	MPP	#eea113
HSPC_547	HSC	#40bdbd
HSPC_518	MPP	#eea113
HSPC_524	LMPP	#7c5246
HSPC_530	LMPP	#7c5246
HSPC_548	LMPP	#7c5246
HSPC_512	MPP	#eea113
HSPC_537	MPP	#eea113
HSPC_543	MPP	#eea113
HSPC_549	MPP	#eea113
HSPC_520	HSC	#40bdbd
HSPC_526	LMPP	#7c5246
HSPC_532	MPP	#eea113
HSPC_538	LMPP	#7c5246
HSPC_544	MPP	#eea113
HSPC_550	MPP	#eea113
HSPC_514	MPP	#eea113
HSPC_521	HSC	#40bdbd
HSPC_527	MPP	#eea113
HSPC_533	MPP	#eea113
HSPC_539	LMPP	#7c5246
HSPC_545	HSC	#40bdbd
HSPC_551	MPP	#eea113
LT-HSC_137	HSC	#40bdbd
HSPC_515	MPP	#eea113
HSPC_522	LMPP	#7c5246
HSPC_528	LMPP	#7c5246
HSPC_534	LMPP	#7c5246
HSPC_540	LMPP	#7c5246
HSPC_546	HSC	#40bdbd
HSPC_552	HSC	#40bdbd
LT-HSC_138	HSC	#40bdbd
HSPC_516	LMPP	#7c5246
Prog_517	GMP	#10b460
Prog_523	MEP	#286ee1
Prog_529	CMP	#d84f40
Prog_535	MEP	#286ee1
Prog_541	GMP	#10b460
Prog_547	MEP	#286ee1
LT-HSC_139	HSC	#40bdbd
Prog_511	MEP	#286ee1
Prog_518	CMP	#d84f40
Prog_524	CMP	#d84f40
Prog_530	CMP	#d84f40
Prog_536	MEP	#286ee1
Prog_542	GMP	#10b460
Prog_548	MEP	#286ee1
LT-HSC_140	HSC	#40bdbd
Prog_519	CMP	#d84f40
Prog_525	GMP	#10b460
Prog_531	CMP	#d84f40
Prog_537	CMP	#d84f40
Prog_543	MEP	#286ee1
Prog_549	CMP	#d84f40
Prog_513	MEP	#286ee1
Prog_520	GMP	#10b460
Prog_526	CMP	#d84f40
Prog_532	GMP	#10b460
Prog_550	CMP	#d84f40
LT-HSC_142	HSC	#40bdbd
Prog_514	CMP	#d84f40
Prog_521	CMP	#d84f40
Prog_527	CMP	#d84f40
Prog_533	MEP	#286ee1
Prog_539	MEP	#286ee1
Prog_545	MEP	#286ee1
Prog_551	CMP	#d84f40
Prog_515	CMP	#d84f40
LT-HSC_144	HSC	#40bdbd
Prog_528	GMP	#10b460
Prog_546	GMP	#10b460
Prog_552	CMP	#d84f40
Prog_516	MEP	#286ee1
HSPC_559	MPP	#eea113
HSPC_571	LMPP	#7c5246
HSPC_577	LMPP	#7c5246
HSPC_589	HSC	#40bdbd
LT-HSC_145	HSC	#40bdbd
HSPC_553	LMPP	#7c5246
HSPC_560	MPP	#eea113
HSPC_566	LMPP	#7c5246
HSPC_578	LMPP	#7c5246
HSPC_584	LMPP	#7c5246
HSPC_590	HSC	#40bdbd
LT-HSC_146	HSC	#40bdbd
HSPC_554	HSC	#40bdbd
HSPC_567	MPP	#eea113
HSPC_573	LMPP	#7c5246
HSPC_579	LMPP	#7c5246
HSPC_585	MPP	#eea113
LT-HSC_147	HSC	#40bdbd
HSPC_555	LMPP	#7c5246
HSPC_562	LMPP	#7c5246
HSPC_568	LMPP	#7c5246
HSPC_574	LMPP	#7c5246
HSPC_580	MPP	#eea113
HSPC_586	LMPP	#7c5246
HSPC_592	MPP	#eea113
LT-HSC_148	HSC	#40bdbd
HSPC_556	HSC	#40bdbd
HSPC_563	LMPP	#7c5246
HSPC_569	MPP	#eea113
HSPC_575	LMPP	#7c5246
HSPC_593	MPP	#eea113
LT-HSC_149	HSC	#40bdbd
HSPC_557	MPP	#eea113
HSPC_576	MPP	#eea113
HSPC_582	LMPP	#7c5246
HSPC_594	MPP	#eea113
LT-HSC_150	HSC	#40bdbd
Prog_559	CMP	#d84f40
Prog_565	GMP	#10b460
Prog_571	MEP	#286ee1
Prog_577	CMP	#d84f40
Prog_583	CMP	#d84f40
Prog_589	MEP	#286ee1
LT-HSC_151	HSC	#40bdbd
Prog_553	MEP	#286ee1
Prog_560	CMP	#d84f40
Prog_566	MEP	#286ee1
Prog_572	CMP	#d84f40
Prog_578	CMP	#d84f40
Prog_584	GMP	#10b460
Prog_590	CMP	#d84f40
LT-HSC_152	HSC	#40bdbd
Prog_554	GMP	#10b460
Prog_561	CMP	#d84f40
Prog_567	CMP	#d84f40
Prog_573	CMP	#d84f40
Prog_579	CMP	#d84f40
Prog_585	MEP	#286ee1
Prog_555	MEP	#286ee1
Prog_562	MEP	#286ee1
Prog_568	MEP	#286ee1
Prog_574	GMP	#10b460
Prog_580	MEP	#286ee1
Prog_586	CMP	#d84f40
Prog_592	MEP	#286ee1
Prog_556	MEP	#286ee1
Prog_569	CMP	#d84f40
Prog_575	MEP	#286ee1
Prog_581	CMP	#d84f40
Prog_587	CMP	#d84f40
Prog_593	CMP	#d84f40
Prog_557	MEP	#286ee1
LT-HSC_156	HSC	#40bdbd
Prog_564	MEP	#286ee1
Prog_570	MEP	#286ee1
Prog_576	GMP	#10b460
Prog_582	CMP	#d84f40
Prog_588	MEP	#286ee1
Prog_594	MEP	#286ee1
Prog_558	CMP	#d84f40
HSPC_601	LMPP	#7c5246
HSPC_607	MPP	#eea113
HSPC_613	HSC	#40bdbd
HSPC_625	LMPP	#7c5246
HSPC_631	MPP	#eea113
HSPC_595	HSC	#40bdbd
HSPC_602	MPP	#eea113
HSPC_608	MPP	#eea113
HSPC_614	LMPP	#7c5246
HSPC_620	LMPP	#7c5246
HSPC_626	MPP	#eea113
LT-HSC_158	HSC	#40bdbd
HSPC_596	LMPP	#7c5246
HSPC_603	LMPP	#7c5246
HSPC_615	MPP	#eea113
HSPC_627	LMPP	#7c5246
HSPC_633	LMPP	#7c5246
LT-HSC_159	HSC	#40bdbd
HSPC_597	HSC	#40bdbd
HSPC_604	MPP	#eea113
HSPC_610	MPP	#eea113
HSPC_628	LMPP	#7c5246
HSPC_634	MPP	#eea113
HSPC_598	MPP	#eea113
HSPC_617	LMPP	#7c5246
HSPC_623	MPP	#eea113
HSPC_629	LMPP	#7c5246
HSPC_635	MPP	#eea113
LT-HSC_161	HSC	#40bdbd
HSPC_599	MPP	#eea113
HSPC_606	MPP	#eea113
HSPC_612	MPP	#eea113
HSPC_618	LMPP	#7c5246
HSPC_624	LMPP	#7c5246
HSPC_630	MPP	#eea113
HSPC_636	LMPP	#7c5246
HSPC_600	LMPP	#7c5246
Prog_607	CMP	#d84f40
Prog_613	MEP	#286ee1
Prog_619	CMP	#d84f40
Prog_625	CMP	#d84f40
Prog_631	CMP	#d84f40
LT-HSC_163	HSC	#40bdbd
Prog_595	CMP	#d84f40
Prog_602	CMP	#d84f40
Prog_614	CMP	#d84f40
Prog_620	CMP	#d84f40
Prog_626	CMP	#d84f40
Prog_632	MEP	#286ee1
LT-HSC_164	HSC	#40bdbd
Prog_596	CMP	#d84f40
Prog_603	MEP	#286ee1
Prog_609	CMP	#d84f40
Prog_615	MEP	#286ee1
Prog_621	CMP	#d84f40
Prog_627	GMP	#10b460
Prog_633	GMP	#10b460
LT-HSC_165	HSC	#40bdbd
Prog_597	GMP	#10b460
Prog_604	CMP	#d84f40
Prog_610	MEP	#286ee1
Prog_616	MEP	#286ee1
Prog_622	CMP	#d84f40
Prog_628	GMP	#10b460
Prog_634	CMP	#d84f40
LT-HSC_166	HSC	#40bdbd
Prog_598	CMP	#d84f40
Prog_605	MEP	#286ee1
Prog_611	MEP	#286ee1
Prog_617	CMP	#d84f40
Prog_623	CMP	#d84f40
Prog_629	CMP	#d84f40
Prog_635	CMP	#d84f40
LT-HSC_167	HSC	#40bdbd
Prog_599	CMP	#d84f40
Prog_606	CMP	#d84f40
Prog_612	GMP	#10b460
Prog_618	MEP	#286ee1
Prog_624	CMP	#d84f40
Prog_636	GMP	#10b460
Prog_600	CMP	#d84f40
HSPC_643	LMPP	#7c5246
HSPC_649	MPP	#eea113
HSPC_661	MPP	#eea113
HSPC_667	MPP	#eea113
HSPC_673	LMPP	#7c5246
LT-HSC_169	HSC	#40bdbd
HSPC_637	MPP	#eea113
HSPC_644	LMPP	#7c5246
HSPC_656	LMPP	#7c5246
HSPC_662	LMPP	#7c5246
HSPC_668	MPP	#eea113
HSPC_674	LMPP	#7c5246
LT-HSC_170	HSC	#40bdbd
HSPC_638	MPP	#eea113
HSPC_645	LMPP	#7c5246
HSPC_651	LMPP	#7c5246
HSPC_657	LMPP	#7c5246
HSPC_663	MPP	#eea113
HSPC_669	HSC	#40bdbd
LT-HSC_171	HSC	#40bdbd
HSPC_639	HSC	#40bdbd
HSPC_646	MPP	#eea113
HSPC_652	HSC	#40bdbd
HSPC_658	LMPP	#7c5246
HSPC_664	LMPP	#7c5246
HSPC_670	MPP	#eea113
HSPC_676	MPP	#eea113
LT-HSC_172	HSC	#40bdbd
HSPC_640	MPP	#eea113
HSPC_665	LMPP	#7c5246
HSPC_671	MPP	#eea113
LT-HSC_173	HSC	#40bdbd
HSPC_641	HSC	#40bdbd
HSPC_648	LMPP	#7c5246
HSPC_654	LMPP	#7c5246
HSPC_660	MPP	#eea113
HSPC_666	MPP	#eea113
HSPC_672	LMPP	#7c5246
HSPC_678	MPP	#eea113
LT-HSC_174	HSC	#40bdbd
Prog_643	CMP	#d84f40
Prog_649	GMP	#10b460
Prog_655	MEP	#286ee1
Prog_661	GMP	#10b460
Prog_667	MEP	#286ee1
Prog_673	GMP	#10b460
Prog_637	MEP	#286ee1
Prog_644	GMP	#10b460
Prog_650	GMP	#10b460
Prog_662	CMP	#d84f40
Prog_668	CMP	#d84f40
Prog_674	GMP	#10b460
LT-HSC_176	HSC	#40bdbd
Prog_638	MEP	#286ee1
Prog_645	CMP	#d84f40
Prog_651	MEP	#286ee1
Prog_657	MEP	#286ee1
Prog_663	MEP	#286ee1
Prog_669	MEP	#286ee1
Prog_675	GMP	#10b460
LT-HSC_177	HSC	#40bdbd
Prog_639	MEP	#286ee1
Prog_646	MEP	#286ee1
Prog_652	CMP	#d84f40
Prog_658	CMP	#d84f40
Prog_670	CMP	#d84f40
Prog_676	CMP	#d84f40
Prog_640	MEP	#286ee1
Prog_647	CMP	#d84f40
Prog_653	CMP	#d84f40
Prog_659	CMP	#d84f40
Prog_665	CMP	#d84f40
Prog_671	MEP	#286ee1
Prog_677	MEP	#286ee1
LT-HSC_179	HSC	#40bdbd
Prog_641	CMP	#d84f40
LT-HSC_180	HSC	#40bdbd
Prog_648	CMP	#d84f40
Prog_654	CMP	#d84f40
Prog_666	GMP	#10b460
Prog_672	MEP	#286ee1
Prog_678	MEP	#286ee1
Prog_642	CMP	#d84f40
HSPC_697	MPP	#eea113
HSPC_703	MPP	#eea113
HSPC_709	LMPP	#7c5246
HSPC_679	LMPP	#7c5246
HSPC_692	MPP	#eea113
HSPC_698	LMPP	#7c5246
HSPC_704	MPP	#eea113
HSPC_716	MPP	#eea113
HSPC_680	LMPP	#7c5246
HSPC_687	LMPP	#7c5246
HSPC_699	LMPP	#7c5246
HSPC_705	LMPP	#7c5246
HSPC_717	MPP	#eea113
LT-HSC_183	HSC	#40bdbd
HSPC_681	HSC	#40bdbd
HSPC_700	HSC	#40bdbd
HSPC_706	LMPP	#7c5246
LT-HSC_184	HSC	#40bdbd
HSPC_682	MPP	#eea113
HSPC_689	MPP	#eea113
HSPC_695	MPP	#eea113
HSPC_701	MPP	#eea113
HSPC_707	LMPP	#7c5246
HSPC_719	HSC	#40bdbd
HSPC_683	LMPP	#7c5246
HSPC_690	MPP	#eea113
HSPC_696	MPP	#eea113
HSPC_702	LMPP	#7c5246
HSPC_708	HSC	#40bdbd
HSPC_714	HSC	#40bdbd
HSPC_720	LMPP	#7c5246
Prog_685	GMP	#10b460
Prog_697	MEP	#286ee1
Prog_709	MEP	#286ee1
Prog_715	CMP	#d84f40
LT-HSC_187	HSC	#40bdbd
Prog_679	CMP	#d84f40
Prog_686	CMP	#d84f40
Prog_692	CMP	#d84f40
Prog_698	GMP	#10b460
Prog_704	GMP	#10b460
Prog_710	CMP	#d84f40
Prog_716	CMP	#d84f40
LT-HSC_188	HSC	#40bdbd
Prog_680	CMP	#d84f40
Prog_687	GMP	#10b460
Prog_693	CMP	#d84f40
Prog_699	CMP	#d84f40
Prog_705	CMP	#d84f40
Prog_711	MEP	#286ee1
Prog_717	CMP	#d84f40
Prog_681	CMP	#d84f40
Prog_688	MEP	#286ee1
Prog_694	MEP	#286ee1
Prog_700	MEP	#286ee1
Prog_706	CMP	#d84f40
Prog_712	CMP	#d84f40
Prog_718	MEP	#286ee1
Prog_682	GMP	#10b460
Prog_689	GMP	#10b460
Prog_695	MEP	#286ee1
Prog_701	MEP	#286ee1
Prog_707	CMP	#d84f40
Prog_713	MEP	#286ee1
Prog_719	MEP	#286ee1
LT-HSC_191	HSC	#40bdbd
Prog_683	GMP	#10b460
Prog_690	CMP	#d84f40
Prog_696	MEP	#286ee1
Prog_702	CMP	#d84f40
Prog_708	MEP	#286ee1
Prog_714	MEP	#286ee1
Prog_720	CMP	#d84f40
LT-HSC_192	HSC	#40bdbd
Prog_684	CMP	#d84f40
HSPC_727	MPP	#eea113
HSPC_733	HSC	#40bdbd
HSPC_745	LMPP	#7c5246
HSPC_751	HSC	#40bdbd
HSPC_757	LMPP	#7c5246
LT-HSC_193	HSC	#40bdbd
HSPC_721	LMPP	#7c5246
HSPC_734	MPP	#eea113
HSPC_740	GMP	#10b460
HSPC_746	MPP	#eea113
HSPC_752	MPP	#eea113
HSPC_758	MPP	#eea113
LT-HSC_194	HSC	#40bdbd
HSPC_722	HSC	#40bdbd
HSPC_729	HSC	#40bdbd
HSPC_735	MPP	#eea113
HSPC_747	MPP	#eea113
HSPC_753	LMPP	#7c5246
HSPC_759	HSC	#40bdbd
LT-HSC_195	HSC	#40bdbd
HSPC_723	MPP	#eea113
HSPC_730	MPP	#eea113
HSPC_736	HSC	#40bdbd
HSPC_742	MPP	#eea113
HSPC_748	LMPP	#7c5246
HSPC_760	HSC	#40bdbd
HSPC_724	HSC	#40bdbd
HSPC_731	LMPP	#7c5246
HSPC_737	MPP	#eea113
HSPC_743	LMPP	#7c5246
HSPC_749	LMPP	#7c5246
HSPC_755	LMPP	#7c5246
HSPC_761	MPP	#eea113
LT-HSC_197	HSC	#40bdbd
HSPC_725	LMPP	#7c5246
HSPC_732	MPP	#eea113
HSPC_738	MPP	#eea113
HSPC_744	HSC	#40bdbd
HSPC_750	MPP	#eea113
HSPC_756	LMPP	#7c5246
HSPC_762	LMPP	#7c5246
LT-HSC_198	HSC	#40bdbd
Prog_727	GMP	#10b460
Prog_733	CMP	#d84f40
Prog_739	GMP	#10b460
Prog_745	CMP	#d84f40
Prog_751	MEP	#286ee1
Prog_757	MEP	#286ee1
Prog_721	MEP	#286ee1
Prog_728	CMP	#d84f40
Prog_734	MEP	#286ee1
Prog_740	MEP	#286ee1
Prog_746	MEP	#286ee1
Prog_752	MEP	#286ee1
Prog_758	MEP	#286ee1
LT-HSC_200	HSC	#40bdbd
Prog_722	CMP	#d84f40
Prog_729	MEP	#286ee1
Prog_735	CMP	#d84f40
Prog_747	CMP	#d84f40
Prog_753	CMP	#d84f40
Prog_759	CMP	#d84f40
LT-HSC_201	HSC	#40bdbd
Prog_723	MEP	#286ee1
Prog_730	MEP	#286ee1
Prog_736	MEP	#286ee1
Prog_748	GMP	#10b460
Prog_754	CMP	#d84f40
Prog_760	GMP	#10b460
Prog_724	CMP	#d84f40
Prog_731	MEP	#286ee1
Prog_737	MEP	#286ee1
Prog_743	CMP	#d84f40
Prog_749	MEP	#286ee1
Prog_761	CMP	#d84f40
Prog_725	CMP	#d84f40
Prog_732	GMP	#10b460
Prog_738	CMP	#d84f40
Prog_744	CMP	#d84f40
Prog_750	CMP	#d84f40
Prog_756	GMP	#10b460
Prog_762	CMP	#d84f40
LT-HSC_204	HSC	#40bdbd
Prog_726	MEP	#286ee1
HSPC_769	LMPP	#7c5246
HSPC_781	HSC	#40bdbd
HSPC_787	MPP	#eea113
HSPC_799	MPP	#eea113
HSPC_770	MPP	#eea113
HSPC_776	MPP	#eea113
HSPC_782	MPP	#eea113
HSPC_788	MPP	#eea113
HSPC_794	MPP	#eea113
HSPC_800	MPP	#eea113
LT-HSC_206	HSC	#40bdbd
HSPC_764	HSC	#40bdbd
HSPC_771	MPP	#eea113
HSPC_777	MPP	#eea113
HSPC_783	MPP	#eea113
HSPC_789	MPP	#eea113
HSPC_795	MPP	#eea113
HSPC_801	LMPP	#7c5246
LT-HSC_207	HSC	#40bdbd
HSPC_765	HSC	#40bdbd
HSPC_772	HSC	#40bdbd
HSPC_778	MPP	#eea113
HSPC_784	MPP	#eea113
HSPC_790	MPP	#eea113
HSPC_796	LMPP	#7c5246
HSPC_802	LMPP	#7c5246
LT-HSC_208	HSC	#40bdbd
HSPC_766	MPP	#eea113
HSPC_773	MPP	#eea113
HSPC_785	MPP	#eea113
HSPC_791	MPP	#eea113
HSPC_797	LMPP	#7c5246
HSPC_803	HSC	#40bdbd
HSPC_767	MPP	#eea113
HSPC_774	MPP	#eea113
HSPC_780	MPP	#eea113
HSPC_786	MPP	#eea113
HSPC_798	HSC	#40bdbd
HSPC_804	HSC	#40bdbd
LT-HSC_210	HSC	#40bdbd
HSPC_768	MPP	#eea113
Prog_769	GMP	#10b460
Prog_775	GMP	#10b460
Prog_781	CMP	#d84f40
Prog_787	GMP	#10b460
Prog_793	CMP	#d84f40
Prog_799	CMP	#d84f40
LT-HSC_211	HSC	#40bdbd
Prog_763	CMP	#d84f40
Prog_770	MEP	#286ee1
Prog_776	MEP	#286ee1
Prog_782	MEP	#286ee1
Prog_788	MEP	#286ee1
Prog_794	CMP	#d84f40
Prog_800	CMP	#d84f40
LT-HSC_212	HSC	#40bdbd
Prog_764	CMP	#d84f40
Prog_771	MEP	#286ee1
Prog_777	GMP	#10b460
Prog_783	MEP	#286ee1
Prog_789	CMP	#d84f40
Prog_795	CMP	#d84f40
Prog_801	MEP	#286ee1
LT-HSC_213	HSC	#40bdbd
Prog_765	CMP	#d84f40
Prog_772	CMP	#d84f40
Prog_778	MEP	#286ee1
Prog_784	CMP	#d84f40
Prog_790	MEP	#286ee1
Prog_796	CMP	#d84f40
Prog_802	MEP	#286ee1
LT-HSC_214	HSC	#40bdbd
Prog_779	CMP	#d84f40
Prog_785	CMP	#d84f40
Prog_791	GMP	#10b460
Prog_797	CMP	#d84f40
Prog_803	MEP	#286ee1
LT-HSC_215	HSC	#40bdbd
Prog_767	CMP	#d84f40
Prog_774	CMP	#d84f40
Prog_780	MEP	#286ee1
Prog_786	CMP	#d84f40
Prog_792	CMP	#d84f40
Prog_798	CMP	#d84f40
Prog_804	MEP	#286ee1
LT-HSC_216	HSC	#40bdbd
Prog_768	CMP	#d84f40
HSPC_835	HSC	#40bdbd
HSPC_841	MPP	#eea113
HSPC_812	MPP	#eea113
HSPC_818	HSC	#40bdbd
HSPC_824	MPP	#eea113
HSPC_836	MPP	#eea113
HSPC_842	LMPP	#7c5246
HSPC_848	HSC	#40bdbd
HSPC_806	LMPP	#7c5246
HSPC_813	HSC	#40bdbd
HSPC_819	HSC	#40bdbd
HSPC_825	MPP	#eea113
HSPC_831	LMPP	#7c5246
HSPC_837	LMPP	#7c5246
HSPC_843	LMPP	#7c5246
HSPC_849	HSC	#40bdbd
HSPC_807	MPP	#eea113
HSPC_814	MPP	#eea113
HSPC_820	LMPP	#7c5246
HSPC_826	MPP	#eea113
HSPC_832	MPP	#eea113
HSPC_838	MPP	#eea113
HSPC_844	LMPP	#7c5246
HSPC_808	LMPP	#7c5246
HSPC_815	LMPP	#7c5246
HSPC_821	MPP	#eea113
HSPC_827	MPP	#eea113
HSPC_833	MPP	#eea113
HSPC_839	MPP	#eea113
HSPC_845	MPP	#eea113
HSPC_851	MPP	#eea113
HSPC_809	HSC	#40bdbd
HSPC_816	MPP	#eea113
HSPC_822	HSC	#40bdbd
HSPC_828	HSC	#40bdbd
HSPC_834	HSC	#40bdbd
HSPC_840	MPP	#eea113
HSPC_846	MPP	#eea113
HSPC_852	LMPP	#7c5246
HSPC_810	HSC	#40bdbd
Prog_811	MEP	#286ee1
Prog_817	CMP	#d84f40
Prog_823	MEP	#286ee1
Prog_829	CMP	#d84f40
Prog_835	MEP	#286ee1
Prog_841	MEP	#286ee1
Prog_847	CMP	#d84f40
Prog_805	MEP	#286ee1
Prog_812	MEP	#286ee1
Prog_818	MEP	#286ee1
Prog_824	CMP	#d84f40
Prog_830	MEP	#286ee1
Prog_836	GMP	#10b460
Prog_842	MEP	#286ee1
Prog_848	GMP	#10b460
Prog_806	CMP	#d84f40
Prog_813	MEP	#286ee1
Prog_819	MEP	#286ee1
Prog_825	MEP	#286ee1
Prog_831	MEP	#286ee1
Prog_837	MEP	#286ee1
Prog_843	CMP	#d84f40
Prog_849	CMP	#d84f40
Prog_807	MEP	#286ee1
Prog_814	MEP	#286ee1
Prog_820	MEP	#286ee1
Prog_826	MEP	#286ee1
Prog_832	GMP	#10b460
Prog_838	MEP	#286ee1
Prog_844	MEP	#286ee1
Prog_850	MEP	#286ee1
Prog_808	CMP	#d84f40
Prog_815	MEP	#286ee1
Prog_821	MEP	#286ee1
Prog_827	MEP	#286ee1
Prog_833	CMP	#d84f40
Prog_839	MEP	#286ee1
Prog_845	GMP	#10b460
Prog_851	CMP	#d84f40
Prog_809	CMP	#d84f40
Prog_816	MEP	#286ee1
Prog_822	MEP	#286ee1
Prog_828	CMP	#d84f40
Prog_834	CMP	#d84f40
Prog_840	GMP	#10b460
Prog_846	GMP	#10b460
Prog_852	MEP	#286ee1
Prog_810	CMP	#d84f40
